<?xml version="1.0" encoding="UTF-8"?>
<beans xmlns="http://www.springframework.org/schema/beans"
	xmlns:xsi="http://www.w3.org/2001/XMLSchema-instance"
	xmlns:util="http://www.springframework.org/schema/util"
	xmlns:lang="http://www.springframework.org/schema/lang"
	xmlns:aop="http://www.springframework.org/schema/aop"
	xmlns:tx="http://www.springframework.org/schema/tx"
	xmlns:context="http://www.springframework.org/schema/context"
	xmlns:jdbc="http://www.springframework.org/schema/jdbc"
	xsi:schemaLocation="http://www.springframework.org/schema/jdbc http://www.springframework.org/schema/jdbc/spring-jdbc.xsd
		http://www.springframework.org/schema/lang http://www.springframework.org/schema/lang/spring-lang.xsd
		http://www.springframework.org/schema/aop http://www.springframework.org/schema/aop/spring-aop.xsd
		http://www.springframework.org/schema/beans http://www.springframework.org/schema/beans/spring-beans.xsd
		http://www.springframework.org/schema/util http://www.springframework.org/schema/util/spring-util.xsd
		http://www.springframework.org/schema/tx http://www.springframework.org/schema/tx/spring-tx.xsd
		http://www.springframework.org/schema/context http://www.springframework.org/schema/context/spring-context.xsd">

<!--  The above schemas define extensions to basic configuration directives in XML -->

<!-- 
  ==  This example shows how to wire our example using just XML and Application Context.
  ==  It also shows the import of another configuration file. 
 -->

	<import resource="classpath:spring-properties.xml" />

    <bean id="theAtm" class="com.lse.spring.example.pojo.AcmeATM" scope="singleton" >
        <property name="bank" ref="theBank" />
        <property name="type" value="${my.atm.type}" />
    </bean>
    
    <bean id="user" class="com.lse.spring.example.pojo.User" scope="singleton" >
        <property name="atm" ref="theAtm" />
    </bean>

    <beans profile="acme-bank" >    
        <bean id="theBank" class="com.lse.spring.example.pojo.AcmeBank" scope="singleton" >
            <property name="checkingBalance" value="${my.bank.balance}" />
            <property name="bankName" value="${my.bank.name}" />
        </bean>
    </beans>

    <beans profile="other-bank" >   
        <bean id="theBank" class="com.lse.spring.example.pojo.OtherBank" scope="singleton" >
            <property name="checkingBalance" value="${other.bank.balance}" />
            <property name="bankName" value="${other.bank.name}" />
        </bean>
    </beans>

</beans>